Unnamed: 0,Unnamed: 1,Unnamed: 2,Unnamed: 3,Unnamed: 4,Unnamed: 5,Unnamed: 6,Unnamed: 7,Unnamed: 8,Unnamed: 9,Unnamed: 10
,Column1,Column2,Column3,Column4,Column5,Column6,Column7,Column8,Column9,Column10
,,,,,,,,,,
,kndhbasjd,bdasjdjsa,",sbdhfbhsdf",",bdsfhbsd",`12,234234,456456,567,234,123
,kndhbasjd,bdasjdjsa,",sbdhfbhsdf",",bdsfhbsd",`13,234234,456456,567,234,123
,kndhbasjd,bdasjdjsa,",sbdhfbhsdf",",bdsfhbsd",`14,234234,456456,567,234,123
,kndhbasjd,bdasjdjsa,",sbdhfbhsdf",",bdsfhbsd",`15,234234,456456,567,234,123
,kndhbasjd,bdasjdjsa,",sbdhfbhsdf",",bdsfhbsd",`16,234234,456456,567,234,123
,kndhbasjd,bdasjdjsa,",sbdhfbhsdf",",bdsfhbsd",`17,234234,456456,567,234,123
,kndhbasjd,bdasjdjsa,",sbdhfbhsdf",",bdsfhbsd",`18,234234,456456,567,234,123
,kndhbasjd,bdasjdjsa,",sbdhfbhsdf",",bdsfhbsd",`19,234234,456456,567,234,123
,kndhbasjd,bdasjdjsa,",sbdhfbhsdf",",bdsfhbsd",`20,234234,456456,567,234,123
,kndhbasjd,bdasjdjsa,",sbdhfbhsdf",",bdsfhbsd",`21,234234,456456,567,234,123
,kndhbasjd,bdasjdjsa,",sbdhfbhsdf",",bdsfhbsd",`22,234234,456456,567,234,123
,kndhbasjd,bdasjdjsa,",sbdhfbhsdf",",bdsfhbsd",`23,234234,456456,567,234,123
,kndhbasjd,bdasjdjsa,",sbdhfbhsdf",",bdsfhbsd",`24,234234,456456,567,234,123
,kndhbasjd,bdasjdjsa,",sbdhfbhsdf",",bdsfhbsd",`25,234234,456456,567,234,123
,kndhbasjd,bdasjdjsa,",sbdhfbhsdf",",bdsfhbsd",`26,234234,456456,567,234,123
,kndhbasjd,bdasjdjsa,",sbdhfbhsdf",",bdsfhbsd",`27,234234,456456,567,234,123
,kndhbasjd,bdasjdjsa,",sbdhfbhsdf",",bdsfhbsd",`28,234234,456456,567,234,123
,kndhbasjd,bdasjdjsa,",sbdhfbhsdf",",bdsfhbsd",`29,234234,456456,567,234,123
